ml_type,judge,class,description,date_time,serial,stage,parameter,csv_file,image_file
train,OK,stage_1_param_1_OK,時系列データは正常です。,2024/12/01 08:01:00,1,1,1,serial_01_stage_1_param_1_OK.csv,serial_01_stage_1_param_1_OK.jpg
train,NG,stage_1_param_1_NG,時系列データは異常です。途中で値が大きく低下しています。,2024/12/01 08:02:00,1,1,1,serial_01_stage_1_param_1_NG.csv,serial_01_stage_1_param_1_NG.jpg
train,OK,stage_1_param_2_OK,時系列データは正常です。,2024/12/01 08:03:00,1,1,2,serial_01_stage_1_param_2_OK.csv,serial_01_stage_1_param_2_OK.jpg
train,NG,stage_1_param_2_NG,時系列データは異常です。途中で値が大きく上昇しています。,2024/12/01 08:04:00,1,1,2,serial_01_stage_1_param_2_NG.csv,serial_01_stage_1_param_2_NG.jpg
train,OK,stage_2_param_1_OK,時系列データは正常です。,2024/12/01 08:05:00,1,2,1,serial_01_stage_2_param_1_OK.csv,serial_01_stage_2_param_1_OK.jpg
train,NG,stage_2_param_1_NG,時系列データは異常です。途中から値が0になっています。,2024/12/01 08:06:00,1,2,1,serial_01_stage_2_param_1_NG.csv,serial_01_stage_2_param_1_NG.jpg
train,OK,stage_2_param_2_OK,時系列データは正常です。,2024/12/01 08:07:00,1,2,2,serial_01_stage_2_param_2_OK.csv,serial_01_stage_2_param_2_OK.jpg
train,NG,stage_2_param_2_NG,時系列データは異常です。途中で値が突然大きく上昇しています。,2024/12/01 08:08:00,1,2,2,serial_01_stage_2_param_2_NG.csv,serial_01_stage_2_param_2_NG.jpg
train,OK,stage_3_param_1_OK,時系列データは正常です。,2024/12/01 08:09:00,1,3,1,serial_01_stage_3_param_1_OK.csv,serial_01_stage_3_param_1_OK.jpg
train,NG,stage_3_param_1_NG,時系列データは異常です。途中で値が大きく変動しています。,2024/12/01 08:10:00,1,3,1,serial_01_stage_3_param_1_NG.csv,serial_01_stage_3_param_1_NG.jpg
train,OK,stage_3_param_2_OK,時系列データは正常です。,2024/12/01 08:11:00,1,3,2,serial_01_stage_3_param_2_OK.csv,serial_01_stage_3_param_2_OK.jpg
train,NG,stage_3_param_2_NG,時系列データは異常です。途中で値が大きく低下しています。,2024/12/01 08:12:00,1,3,2,serial_01_stage_3_param_2_NG.csv,serial_01_stage_3_param_2_NG.jpg
train,OK,stage_1_param_1_OK,時系列データは正常です。,2024/12/01 08:13:00,2,1,1,serial_02_stage_1_param_1_OK.csv,serial_02_stage_1_param_1_OK.jpg
train,NG,stage_1_param_1_NG,時系列データは異常です。途中で値が大きく低下しています。,2024/12/01 08:14:00,2,1,1,serial_02_stage_1_param_1_NG.csv,serial_02_stage_1_param_1_NG.jpg
train,OK,stage_1_param_2_OK,時系列データは正常です。,2024/12/01 08:15:00,2,1,2,serial_02_stage_1_param_2_OK.csv,serial_02_stage_1_param_2_OK.jpg
train,NG,stage_1_param_2_NG,時系列データは異常です。途中で値が大きく上昇しています。,2024/12/01 08:16:00,2,1,2,serial_02_stage_1_param_2_NG.csv,serial_02_stage_1_param_2_NG.jpg
train,OK,stage_2_param_1_OK,時系列データは正常です。,2024/12/01 08:17:00,2,2,1,serial_02_stage_2_param_1_OK.csv,serial_02_stage_2_param_1_OK.jpg
train,NG,stage_2_param_1_NG,時系列データは異常です。途中から値が0になっています。,2024/12/01 08:18:00,2,2,1,serial_02_stage_2_param_1_NG.csv,serial_02_stage_2_param_1_NG.jpg
train,OK,stage_2_param_2_OK,時系列データは正常です。,2024/12/01 08:19:00,2,2,2,serial_02_stage_2_param_2_OK.csv,serial_02_stage_2_param_2_OK.jpg
train,NG,stage_2_param_2_NG,時系列データは異常です。途中で値が突然大きく上昇しています。,2024/12/01 08:20:00,2,2,2,serial_02_stage_2_param_2_NG.csv,serial_02_stage_2_param_2_NG.jpg
train,OK,stage_3_param_1_OK,時系列データは正常です。,2024/12/01 08:21:00,2,3,1,serial_02_stage_3_param_1_OK.csv,serial_02_stage_3_param_1_OK.jpg
train,NG,stage_3_param_1_NG,時系列データは異常です。途中で値が大きく変動しています。,2024/12/01 08:22:00,2,3,1,serial_02_stage_3_param_1_NG.csv,serial_02_stage_3_param_1_NG.jpg
train,OK,stage_3_param_2_OK,時系列データは正常です。,2024/12/01 08:23:00,2,3,2,serial_02_stage_3_param_2_OK.csv,serial_02_stage_3_param_2_OK.jpg
train,NG,stage_3_param_2_NG,時系列データは異常です。途中で値が大きく低下しています。,2024/12/01 08:24:00,2,3,2,serial_02_stage_3_param_2_NG.csv,serial_02_stage_3_param_2_NG.jpg
train,OK,stage_1_param_1_OK,時系列データは正常です。,2024/12/01 08:25:00,3,1,1,serial_03_stage_1_param_1_OK.csv,serial_03_stage_1_param_1_OK.jpg
train,NG,stage_1_param_1_NG,時系列データは異常です。途中で値が大きく低下しています。,2024/12/01 08:26:00,3,1,1,serial_03_stage_1_param_1_NG.csv,serial_03_stage_1_param_1_NG.jpg
train,OK,stage_1_param_2_OK,時系列データは正常です。,2024/12/01 08:27:00,3,1,2,serial_03_stage_1_param_2_OK.csv,serial_03_stage_1_param_2_OK.jpg
train,NG,stage_1_param_2_NG,時系列データは異常です。途中で値が大きく上昇しています。,2024/12/01 08:28:00,3,1,2,serial_03_stage_1_param_2_NG.csv,serial_03_stage_1_param_2_NG.jpg
train,OK,stage_2_param_1_OK,時系列データは正常です。,2024/12/01 08:29:00,3,2,1,serial_03_stage_2_param_1_OK.csv,serial_03_stage_2_param_1_OK.jpg
train,NG,stage_2_param_1_NG,時系列データは異常です。途中から値が0になっています。,2024/12/01 08:30:00,3,2,1,serial_03_stage_2_param_1_NG.csv,serial_03_stage_2_param_1_NG.jpg
train,OK,stage_2_param_2_OK,時系列データは正常です。,2024/12/01 08:31:00,3,2,2,serial_03_stage_2_param_2_OK.csv,serial_03_stage_2_param_2_OK.jpg
train,NG,stage_2_param_2_NG,時系列データは異常です。途中で値が突然大きく上昇しています。,2024/12/01 08:32:00,3,2,2,serial_03_stage_2_param_2_NG.csv,serial_03_stage_2_param_2_NG.jpg
train,OK,stage_3_param_1_OK,時系列データは正常です。,2024/12/01 08:33:00,3,3,1,serial_03_stage_3_param_1_OK.csv,serial_03_stage_3_param_1_OK.jpg
train,NG,stage_3_param_1_NG,時系列データは異常です。途中で値が大きく変動しています。,2024/12/01 08:34:00,3,3,1,serial_03_stage_3_param_1_NG.csv,serial_03_stage_3_param_1_NG.jpg
train,OK,stage_3_param_2_OK,時系列データは正常です。,2024/12/01 08:35:00,3,3,2,serial_03_stage_3_param_2_OK.csv,serial_03_stage_3_param_2_OK.jpg
train,NG,stage_3_param_2_NG,時系列データは異常です。途中で値が大きく低下しています。,2024/12/01 08:36:00,3,3,2,serial_03_stage_3_param_2_NG.csv,serial_03_stage_3_param_2_NG.jpg
train,OK,stage_1_param_1_OK,時系列データは正常です。,2024/12/01 08:37:00,4,1,1,serial_04_stage_1_param_1_OK.csv,serial_04_stage_1_param_1_OK.jpg
train,NG,stage_1_param_1_NG,時系列データは異常です。途中で値が大きく低下しています。,2024/12/01 08:38:00,4,1,1,serial_04_stage_1_param_1_NG.csv,serial_04_stage_1_param_1_NG.jpg
train,OK,stage_1_param_2_OK,時系列データは正常です。,2024/12/01 08:39:00,4,1,2,serial_04_stage_1_param_2_OK.csv,serial_04_stage_1_param_2_OK.jpg
train,NG,stage_1_param_2_NG,時系列データは異常です。途中で値が大きく上昇しています。,2024/12/01 08:40:00,4,1,2,serial_04_stage_1_param_2_NG.csv,serial_04_stage_1_param_2_NG.jpg
train,OK,stage_2_param_1_OK,時系列データは正常です。,2024/12/01 08:41:00,4,2,1,serial_04_stage_2_param_1_OK.csv,serial_04_stage_2_param_1_OK.jpg
train,NG,stage_2_param_1_NG,時系列データは異常です。途中から値が0になっています。,2024/12/01 08:42:00,4,2,1,serial_04_stage_2_param_1_NG.csv,serial_04_stage_2_param_1_NG.jpg
train,OK,stage_2_param_2_OK,時系列データは正常です。,2024/12/01 08:43:00,4,2,2,serial_04_stage_2_param_2_OK.csv,serial_04_stage_2_param_2_OK.jpg
train,NG,stage_2_param_2_NG,時系列データは異常です。途中で値が突然大きく上昇しています。,2024/12/01 08:44:00,4,2,2,serial_04_stage_2_param_2_NG.csv,serial_04_stage_2_param_2_NG.jpg
train,OK,stage_3_param_1_OK,時系列データは正常です。,2024/12/01 08:45:00,4,3,1,serial_04_stage_3_param_1_OK.csv,serial_04_stage_3_param_1_OK.jpg
train,NG,stage_3_param_1_NG,時系列データは異常です。途中で値が大きく変動しています。,2024/12/01 08:46:00,4,3,1,serial_04_stage_3_param_1_NG.csv,serial_04_stage_3_param_1_NG.jpg
train,OK,stage_3_param_2_OK,時系列データは正常です。,2024/12/01 08:47:00,4,3,2,serial_04_stage_3_param_2_OK.csv,serial_04_stage_3_param_2_OK.jpg
train,NG,stage_3_param_2_NG,時系列データは異常です。途中で値が大きく低下しています。,2024/12/01 08:48:00,4,3,2,serial_04_stage_3_param_2_NG.csv,serial_04_stage_3_param_2_NG.jpg
train,OK,stage_1_param_1_OK,時系列データは正常です。,2024/12/01 08:49:00,5,1,1,serial_05_stage_1_param_1_OK.csv,serial_05_stage_1_param_1_OK.jpg
train,NG,stage_1_param_1_NG,時系列データは異常です。途中で値が大きく低下しています。,2024/12/01 08:50:00,5,1,1,serial_05_stage_1_param_1_NG.csv,serial_05_stage_1_param_1_NG.jpg
train,OK,stage_1_param_2_OK,時系列データは正常です。,2024/12/01 08:51:00,5,1,2,serial_05_stage_1_param_2_OK.csv,serial_05_stage_1_param_2_OK.jpg
train,NG,stage_1_param_2_NG,時系列データは異常です。途中で値が大きく上昇しています。,2024/12/01 08:52:00,5,1,2,serial_05_stage_1_param_2_NG.csv,serial_05_stage_1_param_2_NG.jpg
train,OK,stage_2_param_1_OK,時系列データは正常です。,2024/12/01 08:53:00,5,2,1,serial_05_stage_2_param_1_OK.csv,serial_05_stage_2_param_1_OK.jpg
train,NG,stage_2_param_1_NG,時系列データは異常です。途中から値が0になっています。,2024/12/01 08:54:00,5,2,1,serial_05_stage_2_param_1_NG.csv,serial_05_stage_2_param_1_NG.jpg
train,OK,stage_2_param_2_OK,時系列データは正常です。,2024/12/01 08:55:00,5,2,2,serial_05_stage_2_param_2_OK.csv,serial_05_stage_2_param_2_OK.jpg
train,NG,stage_2_param_2_NG,時系列データは異常です。途中で値が突然大きく上昇しています。,2024/12/01 08:56:00,5,2,2,serial_05_stage_2_param_2_NG.csv,serial_05_stage_2_param_2_NG.jpg
train,OK,stage_3_param_1_OK,時系列データは正常です。,2024/12/01 08:57:00,5,3,1,serial_05_stage_3_param_1_OK.csv,serial_05_stage_3_param_1_OK.jpg
train,NG,stage_3_param_1_NG,時系列データは異常です。途中で値が大きく変動しています。,2024/12/01 08:58:00,5,3,1,serial_05_stage_3_param_1_NG.csv,serial_05_stage_3_param_1_NG.jpg
train,OK,stage_3_param_2_OK,時系列データは正常です。,2024/12/01 08:59:00,5,3,2,serial_05_stage_3_param_2_OK.csv,serial_05_stage_3_param_2_OK.jpg
train,NG,stage_3_param_2_NG,時系列データは異常です。途中で値が大きく低下しています。,2024/12/01 09:00:00,5,3,2,serial_05_stage_3_param_2_NG.csv,serial_05_stage_3_param_2_NG.jpg
train,OK,stage_1_param_1_OK,時系列データは正常です。,2024/12/01 09:01:00,6,1,1,serial_06_stage_1_param_1_OK.csv,serial_06_stage_1_param_1_OK.jpg
train,NG,stage_1_param_1_NG,時系列データは異常です。途中で値が大きく低下しています。,2024/12/01 09:02:00,6,1,1,serial_06_stage_1_param_1_NG.csv,serial_06_stage_1_param_1_NG.jpg
train,OK,stage_1_param_2_OK,時系列データは正常です。,2024/12/01 09:03:00,6,1,2,serial_06_stage_1_param_2_OK.csv,serial_06_stage_1_param_2_OK.jpg
train,NG,stage_1_param_2_NG,時系列データは異常です。途中で値が大きく上昇しています。,2024/12/01 09:04:00,6,1,2,serial_06_stage_1_param_2_NG.csv,serial_06_stage_1_param_2_NG.jpg
train,OK,stage_2_param_1_OK,時系列データは正常です。,2024/12/01 09:05:00,6,2,1,serial_06_stage_2_param_1_OK.csv,serial_06_stage_2_param_1_OK.jpg
train,NG,stage_2_param_1_NG,時系列データは異常です。途中から値が0になっています。,2024/12/01 09:06:00,6,2,1,serial_06_stage_2_param_1_NG.csv,serial_06_stage_2_param_1_NG.jpg
train,OK,stage_2_param_2_OK,時系列データは正常です。,2024/12/01 09:07:00,6,2,2,serial_06_stage_2_param_2_OK.csv,serial_06_stage_2_param_2_OK.jpg
train,NG,stage_2_param_2_NG,時系列データは異常です。途中で値が突然大きく上昇しています。,2024/12/01 09:08:00,6,2,2,serial_06_stage_2_param_2_NG.csv,serial_06_stage_2_param_2_NG.jpg
train,OK,stage_3_param_1_OK,時系列データは正常です。,2024/12/01 09:09:00,6,3,1,serial_06_stage_3_param_1_OK.csv,serial_06_stage_3_param_1_OK.jpg
train,NG,stage_3_param_1_NG,時系列データは異常です。途中で値が大きく変動しています。,2024/12/01 09:10:00,6,3,1,serial_06_stage_3_param_1_NG.csv,serial_06_stage_3_param_1_NG.jpg
train,OK,stage_3_param_2_OK,時系列データは正常です。,2024/12/01 09:11:00,6,3,2,serial_06_stage_3_param_2_OK.csv,serial_06_stage_3_param_2_OK.jpg
train,NG,stage_3_param_2_NG,時系列データは異常です。途中で値が大きく低下しています。,2024/12/01 09:12:00,6,3,2,serial_06_stage_3_param_2_NG.csv,serial_06_stage_3_param_2_NG.jpg
train,OK,stage_1_param_1_OK,時系列データは正常です。,2024/12/01 09:13:00,7,1,1,serial_07_stage_1_param_1_OK.csv,serial_07_stage_1_param_1_OK.jpg
train,NG,stage_1_param_1_NG,時系列データは異常です。途中で値が大きく低下しています。,2024/12/01 09:14:00,7,1,1,serial_07_stage_1_param_1_NG.csv,serial_07_stage_1_param_1_NG.jpg
train,OK,stage_1_param_2_OK,時系列データは正常です。,2024/12/01 09:15:00,7,1,2,serial_07_stage_1_param_2_OK.csv,serial_07_stage_1_param_2_OK.jpg
train,NG,stage_1_param_2_NG,時系列データは異常です。途中で値が大きく上昇しています。,2024/12/01 09:16:00,7,1,2,serial_07_stage_1_param_2_NG.csv,serial_07_stage_1_param_2_NG.jpg
train,OK,stage_2_param_1_OK,時系列データは正常です。,2024/12/01 09:17:00,7,2,1,serial_07_stage_2_param_1_OK.csv,serial_07_stage_2_param_1_OK.jpg
train,NG,stage_2_param_1_NG,時系列データは異常です。途中から値が0になっています。,2024/12/01 09:18:00,7,2,1,serial_07_stage_2_param_1_NG.csv,serial_07_stage_2_param_1_NG.jpg
train,OK,stage_2_param_2_OK,時系列データは正常です。,2024/12/01 09:19:00,7,2,2,serial_07_stage_2_param_2_OK.csv,serial_07_stage_2_param_2_OK.jpg
train,NG,stage_2_param_2_NG,時系列データは異常です。途中で値が突然大きく上昇しています。,2024/12/01 09:20:00,7,2,2,serial_07_stage_2_param_2_NG.csv,serial_07_stage_2_param_2_NG.jpg
train,OK,stage_3_param_1_OK,時系列データは正常です。,2024/12/01 09:21:00,7,3,1,serial_07_stage_3_param_1_OK.csv,serial_07_stage_3_param_1_OK.jpg
train,NG,stage_3_param_1_NG,時系列データは異常です。途中で値が大きく変動しています。,2024/12/01 09:22:00,7,3,1,serial_07_stage_3_param_1_NG.csv,serial_07_stage_3_param_1_NG.jpg
train,OK,stage_3_param_2_OK,時系列データは正常です。,2024/12/01 09:23:00,7,3,2,serial_07_stage_3_param_2_OK.csv,serial_07_stage_3_param_2_OK.jpg
train,NG,stage_3_param_2_NG,時系列データは異常です。途中で値が大きく低下しています。,2024/12/01 09:24:00,7,3,2,serial_07_stage_3_param_2_NG.csv,serial_07_stage_3_param_2_NG.jpg
train,OK,stage_1_param_1_OK,時系列データは正常です。,2024/12/01 09:25:00,8,1,1,serial_08_stage_1_param_1_OK.csv,serial_08_stage_1_param_1_OK.jpg
train,NG,stage_1_param_1_NG,時系列データは異常です。途中で値が大きく低下しています。,2024/12/01 09:26:00,8,1,1,serial_08_stage_1_param_1_NG.csv,serial_08_stage_1_param_1_NG.jpg
train,OK,stage_1_param_2_OK,時系列データは正常です。,2024/12/01 09:27:00,8,1,2,serial_08_stage_1_param_2_OK.csv,serial_08_stage_1_param_2_OK.jpg
train,NG,stage_1_param_2_NG,時系列データは異常です。途中で値が大きく上昇しています。,2024/12/01 09:28:00,8,1,2,serial_08_stage_1_param_2_NG.csv,serial_08_stage_1_param_2_NG.jpg
train,OK,stage_2_param_1_OK,時系列データは正常です。,2024/12/01 09:29:00,8,2,1,serial_08_stage_2_param_1_OK.csv,serial_08_stage_2_param_1_OK.jpg
train,NG,stage_2_param_1_NG,時系列データは異常です。途中から値が0になっています。,2024/12/01 09:30:00,8,2,1,serial_08_stage_2_param_1_NG.csv,serial_08_stage_2_param_1_NG.jpg
train,OK,stage_2_param_2_OK,時系列データは正常です。,2024/12/01 09:31:00,8,2,2,serial_08_stage_2_param_2_OK.csv,serial_08_stage_2_param_2_OK.jpg
train,NG,stage_2_param_2_NG,時系列データは異常です。途中で値が突然大きく上昇しています。,2024/12/01 09:32:00,8,2,2,serial_08_stage_2_param_2_NG.csv,serial_08_stage_2_param_2_NG.jpg
train,OK,stage_3_param_1_OK,時系列データは正常です。,2024/12/01 09:33:00,8,3,1,serial_08_stage_3_param_1_OK.csv,serial_08_stage_3_param_1_OK.jpg
train,NG,stage_3_param_1_NG,時系列データは異常です。途中で値が大きく変動しています。,2024/12/01 09:34:00,8,3,1,serial_08_stage_3_param_1_NG.csv,serial_08_stage_3_param_1_NG.jpg
train,OK,stage_3_param_2_OK,時系列データは正常です。,2024/12/01 09:35:00,8,3,2,serial_08_stage_3_param_2_OK.csv,serial_08_stage_3_param_2_OK.jpg
train,NG,stage_3_param_2_NG,時系列データは異常です。途中で値が大きく低下しています。,2024/12/01 09:36:00,8,3,2,serial_08_stage_3_param_2_NG.csv,serial_08_stage_3_param_2_NG.jpg
train,OK,stage_1_param_1_OK,時系列データは正常です。,2024/12/01 09:37:00,9,1,1,serial_09_stage_1_param_1_OK.csv,serial_09_stage_1_param_1_OK.jpg
train,NG,stage_1_param_1_NG,時系列データは異常です。途中で値が大きく低下しています。,2024/12/01 09:38:00,9,1,1,serial_09_stage_1_param_1_NG.csv,serial_09_stage_1_param_1_NG.jpg
train,OK,stage_1_param_2_OK,時系列データは正常です。,2024/12/01 09:39:00,9,1,2,serial_09_stage_1_param_2_OK.csv,serial_09_stage_1_param_2_OK.jpg
train,NG,stage_1_param_2_NG,時系列データは異常です。途中で値が大きく上昇しています。,2024/12/01 09:40:00,9,1,2,serial_09_stage_1_param_2_NG.csv,serial_09_stage_1_param_2_NG.jpg
train,OK,stage_2_param_1_OK,時系列データは正常です。,2024/12/01 09:41:00,9,2,1,serial_09_stage_2_param_1_OK.csv,serial_09_stage_2_param_1_OK.jpg
train,NG,stage_2_param_1_NG,時系列データは異常です。途中から値が0になっています。,2024/12/01 09:42:00,9,2,1,serial_09_stage_2_param_1_NG.csv,serial_09_stage_2_param_1_NG.jpg
train,OK,stage_2_param_2_OK,時系列データは正常です。,2024/12/01 09:43:00,9,2,2,serial_09_stage_2_param_2_OK.csv,serial_09_stage_2_param_2_OK.jpg
train,NG,stage_2_param_2_NG,時系列データは異常です。途中で値が突然大きく上昇しています。,2024/12/01 09:44:00,9,2,2,serial_09_stage_2_param_2_NG.csv,serial_09_stage_2_param_2_NG.jpg
train,OK,stage_3_param_1_OK,時系列データは正常です。,2024/12/01 09:45:00,9,3,1,serial_09_stage_3_param_1_OK.csv,serial_09_stage_3_param_1_OK.jpg
train,NG,stage_3_param_1_NG,時系列データは異常です。途中で値が大きく変動しています。,2024/12/01 09:46:00,9,3,1,serial_09_stage_3_param_1_NG.csv,serial_09_stage_3_param_1_NG.jpg
train,OK,stage_3_param_2_OK,時系列データは正常です。,2024/12/01 09:47:00,9,3,2,serial_09_stage_3_param_2_OK.csv,serial_09_stage_3_param_2_OK.jpg
train,NG,stage_3_param_2_NG,時系列データは異常です。途中で値が大きく低下しています。,2024/12/01 09:48:00,9,3,2,serial_09_stage_3_param_2_NG.csv,serial_09_stage_3_param_2_NG.jpg
train,OK,stage_1_param_1_OK,時系列データは正常です。,2024/12/01 09:49:00,10,1,1,serial_10_stage_1_param_1_OK.csv,serial_10_stage_1_param_1_OK.jpg
train,NG,stage_1_param_1_NG,時系列データは異常です。途中で値が大きく低下しています。,2024/12/01 09:50:00,10,1,1,serial_10_stage_1_param_1_NG.csv,serial_10_stage_1_param_1_NG.jpg
train,OK,stage_1_param_2_OK,時系列データは正常です。,2024/12/01 09:51:00,10,1,2,serial_10_stage_1_param_2_OK.csv,serial_10_stage_1_param_2_OK.jpg
train,NG,stage_1_param_2_NG,時系列データは異常です。途中で値が大きく上昇しています。,2024/12/01 09:52:00,10,1,2,serial_10_stage_1_param_2_NG.csv,serial_10_stage_1_param_2_NG.jpg
train,OK,stage_2_param_1_OK,時系列データは正常です。,2024/12/01 09:53:00,10,2,1,serial_10_stage_2_param_1_OK.csv,serial_10_stage_2_param_1_OK.jpg
train,NG,stage_2_param_1_NG,時系列データは異常です。途中から値が0になっています。,2024/12/01 09:54:00,10,2,1,serial_10_stage_2_param_1_NG.csv,serial_10_stage_2_param_1_NG.jpg
train,OK,stage_2_param_2_OK,時系列データは正常です。,2024/12/01 09:55:00,10,2,2,serial_10_stage_2_param_2_OK.csv,serial_10_stage_2_param_2_OK.jpg
train,NG,stage_2_param_2_NG,時系列データは異常です。途中で値が突然大きく上昇しています。,2024/12/01 09:56:00,10,2,2,serial_10_stage_2_param_2_NG.csv,serial_10_stage_2_param_2_NG.jpg
train,OK,stage_3_param_1_OK,時系列データは正常です。,2024/12/01 09:57:00,10,3,1,serial_10_stage_3_param_1_OK.csv,serial_10_stage_3_param_1_OK.jpg
train,NG,stage_3_param_1_NG,時系列データは異常です。途中で値が大きく変動しています。,2024/12/01 09:58:00,10,3,1,serial_10_stage_3_param_1_NG.csv,serial_10_stage_3_param_1_NG.jpg
train,OK,stage_3_param_2_OK,時系列データは正常です。,2024/12/01 09:59:00,10,3,2,serial_10_stage_3_param_2_OK.csv,serial_10_stage_3_param_2_OK.jpg
train,NG,stage_3_param_2_NG,時系列データは異常です。途中で値が大きく低下しています。,2024/12/01 10:00:00,10,3,2,serial_10_stage_3_param_2_NG.csv,serial_10_stage_3_param_2_NG.jpg
train,OK,stage_1_param_1_OK,時系列データは正常です。,2024/12/01 10:01:00,11,1,1,serial_11_stage_1_param_1_OK.csv,serial_11_stage_1_param_1_OK.jpg
train,NG,stage_1_param_1_NG,時系列データは異常です。途中で値が大きく低下しています。,2024/12/01 10:02:00,11,1,1,serial_11_stage_1_param_1_NG.csv,serial_11_stage_1_param_1_NG.jpg
train,OK,stage_1_param_2_OK,時系列データは正常です。,2024/12/01 10:03:00,11,1,2,serial_11_stage_1_param_2_OK.csv,serial_11_stage_1_param_2_OK.jpg
train,NG,stage_1_param_2_NG,時系列データは異常です。途中で値が大きく上昇しています。,2024/12/01 10:04:00,11,1,2,serial_11_stage_1_param_2_NG.csv,serial_11_stage_1_param_2_NG.jpg
train,OK,stage_2_param_1_OK,時系列データは正常です。,2024/12/01 10:05:00,11,2,1,serial_11_stage_2_param_1_OK.csv,serial_11_stage_2_param_1_OK.jpg
train,NG,stage_2_param_1_NG,時系列データは異常です。途中から値が0になっています。,2024/12/01 10:06:00,11,2,1,serial_11_stage_2_param_1_NG.csv,serial_11_stage_2_param_1_NG.jpg
train,OK,stage_2_param_2_OK,時系列データは正常です。,2024/12/01 10:07:00,11,2,2,serial_11_stage_2_param_2_OK.csv,serial_11_stage_2_param_2_OK.jpg
train,NG,stage_2_param_2_NG,時系列データは異常です。途中で値が突然大きく上昇しています。,2024/12/01 10:08:00,11,2,2,serial_11_stage_2_param_2_NG.csv,serial_11_stage_2_param_2_NG.jpg
train,OK,stage_3_param_1_OK,時系列データは正常です。,2024/12/01 10:09:00,11,3,1,serial_11_stage_3_param_1_OK.csv,serial_11_stage_3_param_1_OK.jpg
train,NG,stage_3_param_1_NG,時系列データは異常です。途中で値が大きく変動しています。,2024/12/01 10:10:00,11,3,1,serial_11_stage_3_param_1_NG.csv,serial_11_stage_3_param_1_NG.jpg
train,OK,stage_3_param_2_OK,時系列データは正常です。,2024/12/01 10:11:00,11,3,2,serial_11_stage_3_param_2_OK.csv,serial_11_stage_3_param_2_OK.jpg
train,NG,stage_3_param_2_NG,時系列データは異常です。途中で値が大きく低下しています。,2024/12/01 10:12:00,11,3,2,serial_11_stage_3_param_2_NG.csv,serial_11_stage_3_param_2_NG.jpg
train,OK,stage_1_param_1_OK,時系列データは正常です。,2024/12/01 10:13:00,12,1,1,serial_12_stage_1_param_1_OK.csv,serial_12_stage_1_param_1_OK.jpg
train,NG,stage_1_param_1_NG,時系列データは異常です。途中で値が大きく低下しています。,2024/12/01 10:14:00,12,1,1,serial_12_stage_1_param_1_NG.csv,serial_12_stage_1_param_1_NG.jpg
train,OK,stage_1_param_2_OK,時系列データは正常です。,2024/12/01 10:15:00,12,1,2,serial_12_stage_1_param_2_OK.csv,serial_12_stage_1_param_2_OK.jpg
train,NG,stage_1_param_2_NG,時系列データは異常です。途中で値が大きく上昇しています。,2024/12/01 10:16:00,12,1,2,serial_12_stage_1_param_2_NG.csv,serial_12_stage_1_param_2_NG.jpg
train,OK,stage_2_param_1_OK,時系列データは正常です。,2024/12/01 10:17:00,12,2,1,serial_12_stage_2_param_1_OK.csv,serial_12_stage_2_param_1_OK.jpg
train,NG,stage_2_param_1_NG,時系列データは異常です。途中から値が0になっています。,2024/12/01 10:18:00,12,2,1,serial_12_stage_2_param_1_NG.csv,serial_12_stage_2_param_1_NG.jpg
train,OK,stage_2_param_2_OK,時系列データは正常です。,2024/12/01 10:19:00,12,2,2,serial_12_stage_2_param_2_OK.csv,serial_12_stage_2_param_2_OK.jpg
train,NG,stage_2_param_2_NG,時系列データは異常です。途中で値が突然大きく上昇しています。,2024/12/01 10:20:00,12,2,2,serial_12_stage_2_param_2_NG.csv,serial_12_stage_2_param_2_NG.jpg
train,OK,stage_3_param_1_OK,時系列データは正常です。,2024/12/01 10:21:00,12,3,1,serial_12_stage_3_param_1_OK.csv,serial_12_stage_3_param_1_OK.jpg
train,NG,stage_3_param_1_NG,時系列データは異常です。途中で値が大きく変動しています。,2024/12/01 10:22:00,12,3,1,serial_12_stage_3_param_1_NG.csv,serial_12_stage_3_param_1_NG.jpg
train,OK,stage_3_param_2_OK,時系列データは正常です。,2024/12/01 10:23:00,12,3,2,serial_12_stage_3_param_2_OK.csv,serial_12_stage_3_param_2_OK.jpg
train,NG,stage_3_param_2_NG,時系列データは異常です。途中で値が大きく低下しています。,2024/12/01 10:24:00,12,3,2,serial_12_stage_3_param_2_NG.csv,serial_12_stage_3_param_2_NG.jpg
train,OK,stage_1_param_1_OK,時系列データは正常です。,2024/12/01 10:25:00,13,1,1,serial_13_stage_1_param_1_OK.csv,serial_13_stage_1_param_1_OK.jpg
train,NG,stage_1_param_1_NG,時系列データは異常です。途中で値が大きく低下しています。,2024/12/01 10:26:00,13,1,1,serial_13_stage_1_param_1_NG.csv,serial_13_stage_1_param_1_NG.jpg
train,OK,stage_1_param_2_OK,時系列データは正常です。,2024/12/01 10:27:00,13,1,2,serial_13_stage_1_param_2_OK.csv,serial_13_stage_1_param_2_OK.jpg
train,NG,stage_1_param_2_NG,時系列データは異常です。途中で値が大きく上昇しています。,2024/12/01 10:28:00,13,1,2,serial_13_stage_1_param_2_NG.csv,serial_13_stage_1_param_2_NG.jpg
train,OK,stage_2_param_1_OK,時系列データは正常です。,2024/12/01 10:29:00,13,2,1,serial_13_stage_2_param_1_OK.csv,serial_13_stage_2_param_1_OK.jpg
train,NG,stage_2_param_1_NG,時系列データは異常です。途中から値が0になっています。,2024/12/01 10:30:00,13,2,1,serial_13_stage_2_param_1_NG.csv,serial_13_stage_2_param_1_NG.jpg
train,OK,stage_2_param_2_OK,時系列データは正常です。,2024/12/01 10:31:00,13,2,2,serial_13_stage_2_param_2_OK.csv,serial_13_stage_2_param_2_OK.jpg
train,NG,stage_2_param_2_NG,時系列データは異常です。途中で値が突然大きく上昇しています。,2024/12/01 10:32:00,13,2,2,serial_13_stage_2_param_2_NG.csv,serial_13_stage_2_param_2_NG.jpg
train,OK,stage_3_param_1_OK,時系列データは正常です。,2024/12/01 10:33:00,13,3,1,serial_13_stage_3_param_1_OK.csv,serial_13_stage_3_param_1_OK.jpg
train,NG,stage_3_param_1_NG,時系列データは異常です。途中で値が大きく変動しています。,2024/12/01 10:34:00,13,3,1,serial_13_stage_3_param_1_NG.csv,serial_13_stage_3_param_1_NG.jpg
train,OK,stage_3_param_2_OK,時系列データは正常です。,2024/12/01 10:35:00,13,3,2,serial_13_stage_3_param_2_OK.csv,serial_13_stage_3_param_2_OK.jpg
train,NG,stage_3_param_2_NG,時系列データは異常です。途中で値が大きく低下しています。,2024/12/01 10:36:00,13,3,2,serial_13_stage_3_param_2_NG.csv,serial_13_stage_3_param_2_NG.jpg
train,OK,stage_1_param_1_OK,時系列データは正常です。,2024/12/01 10:37:00,14,1,1,serial_14_stage_1_param_1_OK.csv,serial_14_stage_1_param_1_OK.jpg
train,NG,stage_1_param_1_NG,時系列データは異常です。途中で値が大きく低下しています。,2024/12/01 10:38:00,14,1,1,serial_14_stage_1_param_1_NG.csv,serial_14_stage_1_param_1_NG.jpg
train,OK,stage_1_param_2_OK,時系列データは正常です。,2024/12/01 10:39:00,14,1,2,serial_14_stage_1_param_2_OK.csv,serial_14_stage_1_param_2_OK.jpg
train,NG,stage_1_param_2_NG,時系列データは異常です。途中で値が大きく上昇しています。,2024/12/01 10:40:00,14,1,2,serial_14_stage_1_param_2_NG.csv,serial_14_stage_1_param_2_NG.jpg
train,OK,stage_2_param_1_OK,時系列データは正常です。,2024/12/01 10:41:00,14,2,1,serial_14_stage_2_param_1_OK.csv,serial_14_stage_2_param_1_OK.jpg
train,NG,stage_2_param_1_NG,時系列データは異常です。途中から値が0になっています。,2024/12/01 10:42:00,14,2,1,serial_14_stage_2_param_1_NG.csv,serial_14_stage_2_param_1_NG.jpg
train,OK,stage_2_param_2_OK,時系列データは正常です。,2024/12/01 10:43:00,14,2,2,serial_14_stage_2_param_2_OK.csv,serial_14_stage_2_param_2_OK.jpg
train,NG,stage_2_param_2_NG,時系列データは異常です。途中で値が突然大きく上昇しています。,2024/12/01 10:44:00,14,2,2,serial_14_stage_2_param_2_NG.csv,serial_14_stage_2_param_2_NG.jpg
train,OK,stage_3_param_1_OK,時系列データは正常です。,2024/12/01 10:45:00,14,3,1,serial_14_stage_3_param_1_OK.csv,serial_14_stage_3_param_1_OK.jpg
train,NG,stage_3_param_1_NG,時系列データは異常です。途中で値が大きく変動しています。,2024/12/01 10:46:00,14,3,1,serial_14_stage_3_param_1_NG.csv,serial_14_stage_3_param_1_NG.jpg
train,OK,stage_3_param_2_OK,時系列データは正常です。,2024/12/01 10:47:00,14,3,2,serial_14_stage_3_param_2_OK.csv,serial_14_stage_3_param_2_OK.jpg
train,NG,stage_3_param_2_NG,時系列データは異常です。途中で値が大きく低下しています。,2024/12/01 10:48:00,14,3,2,serial_14_stage_3_param_2_NG.csv,serial_14_stage_3_param_2_NG.jpg
train,OK,stage_1_param_1_OK,時系列データは正常です。,2024/12/01 10:49:00,15,1,1,serial_15_stage_1_param_1_OK.csv,serial_15_stage_1_param_1_OK.jpg
train,NG,stage_1_param_1_NG,時系列データは異常です。途中で値が大きく低下しています。,2024/12/01 10:50:00,15,1,1,serial_15_stage_1_param_1_NG.csv,serial_15_stage_1_param_1_NG.jpg
train,OK,stage_1_param_2_OK,時系列データは正常です。,2024/12/01 10:51:00,15,1,2,serial_15_stage_1_param_2_OK.csv,serial_15_stage_1_param_2_OK.jpg
train,NG,stage_1_param_2_NG,時系列データは異常です。途中で値が大きく上昇しています。,2024/12/01 10:52:00,15,1,2,serial_15_stage_1_param_2_NG.csv,serial_15_stage_1_param_2_NG.jpg
train,OK,stage_2_param_1_OK,時系列データは正常です。,2024/12/01 10:53:00,15,2,1,serial_15_stage_2_param_1_OK.csv,serial_15_stage_2_param_1_OK.jpg
train,NG,stage_2_param_1_NG,時系列データは異常です。途中から値が0になっています。,2024/12/01 10:54:00,15,2,1,serial_15_stage_2_param_1_NG.csv,serial_15_stage_2_param_1_NG.jpg
train,OK,stage_2_param_2_OK,時系列データは正常です。,2024/12/01 10:55:00,15,2,2,serial_15_stage_2_param_2_OK.csv,serial_15_stage_2_param_2_OK.jpg
train,NG,stage_2_param_2_NG,時系列データは異常です。途中で値が突然大きく上昇しています。,2024/12/01 10:56:00,15,2,2,serial_15_stage_2_param_2_NG.csv,serial_15_stage_2_param_2_NG.jpg
train,OK,stage_3_param_1_OK,時系列データは正常です。,2024/12/01 10:57:00,15,3,1,serial_15_stage_3_param_1_OK.csv,serial_15_stage_3_param_1_OK.jpg
train,NG,stage_3_param_1_NG,時系列データは異常です。途中で値が大きく変動しています。,2024/12/01 10:58:00,15,3,1,serial_15_stage_3_param_1_NG.csv,serial_15_stage_3_param_1_NG.jpg
train,OK,stage_3_param_2_OK,時系列データは正常です。,2024/12/01 10:59:00,15,3,2,serial_15_stage_3_param_2_OK.csv,serial_15_stage_3_param_2_OK.jpg
train,NG,stage_3_param_2_NG,時系列データは異常です。途中で値が大きく低下しています。,2024/12/01 11:00:00,15,3,2,serial_15_stage_3_param_2_NG.csv,serial_15_stage_3_param_2_NG.jpg
train,OK,stage_1_param_1_OK,時系列データは正常です。,2024/12/01 11:01:00,16,1,1,serial_16_stage_1_param_1_OK.csv,serial_16_stage_1_param_1_OK.jpg
train,NG,stage_1_param_1_NG,時系列データは異常です。途中で値が大きく低下しています。,2024/12/01 11:02:00,16,1,1,serial_16_stage_1_param_1_NG.csv,serial_16_stage_1_param_1_NG.jpg
train,OK,stage_1_param_2_OK,時系列データは正常です。,2024/12/01 11:03:00,16,1,2,serial_16_stage_1_param_2_OK.csv,serial_16_stage_1_param_2_OK.jpg
train,NG,stage_1_param_2_NG,時系列データは異常です。途中で値が大きく上昇しています。,2024/12/01 11:04:00,16,1,2,serial_16_stage_1_param_2_NG.csv,serial_16_stage_1_param_2_NG.jpg
train,OK,stage_2_param_1_OK,時系列データは正常です。,2024/12/01 11:05:00,16,2,1,serial_16_stage_2_param_1_OK.csv,serial_16_stage_2_param_1_OK.jpg
train,NG,stage_2_param_1_NG,時系列データは異常です。途中から値が0になっています。,2024/12/01 11:06:00,16,2,1,serial_16_stage_2_param_1_NG.csv,serial_16_stage_2_param_1_NG.jpg
train,OK,stage_2_param_2_OK,時系列データは正常です。,2024/12/01 11:07:00,16,2,2,serial_16_stage_2_param_2_OK.csv,serial_16_stage_2_param_2_OK.jpg
train,NG,stage_2_param_2_NG,時系列データは異常です。途中で値が突然大きく上昇しています。,2024/12/01 11:08:00,16,2,2,serial_16_stage_2_param_2_NG.csv,serial_16_stage_2_param_2_NG.jpg
train,OK,stage_3_param_1_OK,時系列データは正常です。,2024/12/01 11:09:00,16,3,1,serial_16_stage_3_param_1_OK.csv,serial_16_stage_3_param_1_OK.jpg
train,NG,stage_3_param_1_NG,時系列データは異常です。途中で値が大きく変動しています。,2024/12/01 11:10:00,16,3,1,serial_16_stage_3_param_1_NG.csv,serial_16_stage_3_param_1_NG.jpg
train,OK,stage_3_param_2_OK,時系列データは正常です。,2024/12/01 11:11:00,16,3,2,serial_16_stage_3_param_2_OK.csv,serial_16_stage_3_param_2_OK.jpg
train,NG,stage_3_param_2_NG,時系列データは異常です。途中で値が大きく低下しています。,2024/12/01 11:12:00,16,3,2,serial_16_stage_3_param_2_NG.csv,serial_16_stage_3_param_2_NG.jpg
train,OK,stage_1_param_1_OK,時系列データは正常です。,2024/12/01 11:13:00,17,1,1,serial_17_stage_1_param_1_OK.csv,serial_17_stage_1_param_1_OK.jpg
train,NG,stage_1_param_1_NG,時系列データは異常です。途中で値が大きく低下しています。,2024/12/01 11:14:00,17,1,1,serial_17_stage_1_param_1_NG.csv,serial_17_stage_1_param_1_NG.jpg
train,OK,stage_1_param_2_OK,時系列データは正常です。,2024/12/01 11:15:00,17,1,2,serial_17_stage_1_param_2_OK.csv,serial_17_stage_1_param_2_OK.jpg
train,NG,stage_1_param_2_NG,時系列データは異常です。途中で値が大きく上昇しています。,2024/12/01 11:16:00,17,1,2,serial_17_stage_1_param_2_NG.csv,serial_17_stage_1_param_2_NG.jpg
train,OK,stage_2_param_1_OK,時系列データは正常です。,2024/12/01 11:17:00,17,2,1,serial_17_stage_2_param_1_OK.csv,serial_17_stage_2_param_1_OK.jpg
train,NG,stage_2_param_1_NG,時系列データは異常です。途中から値が0になっています。,2024/12/01 11:18:00,17,2,1,serial_17_stage_2_param_1_NG.csv,serial_17_stage_2_param_1_NG.jpg
train,OK,stage_2_param_2_OK,時系列データは正常です。,2024/12/01 11:19:00,17,2,2,serial_17_stage_2_param_2_OK.csv,serial_17_stage_2_param_2_OK.jpg
train,NG,stage_2_param_2_NG,時系列データは異常です。途中で値が突然大きく上昇しています。,2024/12/01 11:20:00,17,2,2,serial_17_stage_2_param_2_NG.csv,serial_17_stage_2_param_2_NG.jpg
train,OK,stage_3_param_1_OK,時系列データは正常です。,2024/12/01 11:21:00,17,3,1,serial_17_stage_3_param_1_OK.csv,serial_17_stage_3_param_1_OK.jpg
train,NG,stage_3_param_1_NG,時系列データは異常です。途中で値が大きく変動しています。,2024/12/01 11:22:00,17,3,1,serial_17_stage_3_param_1_NG.csv,serial_17_stage_3_param_1_NG.jpg
train,OK,stage_3_param_2_OK,時系列データは正常です。,2024/12/01 11:23:00,17,3,2,serial_17_stage_3_param_2_OK.csv,serial_17_stage_3_param_2_OK.jpg
train,NG,stage_3_param_2_NG,時系列データは異常です。途中で値が大きく低下しています。,2024/12/01 11:24:00,17,3,2,serial_17_stage_3_param_2_NG.csv,serial_17_stage_3_param_2_NG.jpg
train,OK,stage_1_param_1_OK,時系列データは正常です。,2024/12/01 11:25:00,18,1,1,serial_18_stage_1_param_1_OK.csv,serial_18_stage_1_param_1_OK.jpg
train,NG,stage_1_param_1_NG,時系列データは異常です。途中で値が大きく低下しています。,2024/12/01 11:26:00,18,1,1,serial_18_stage_1_param_1_NG.csv,serial_18_stage_1_param_1_NG.jpg
train,OK,stage_1_param_2_OK,時系列データは正常です。,2024/12/01 11:27:00,18,1,2,serial_18_stage_1_param_2_OK.csv,serial_18_stage_1_param_2_OK.jpg
train,NG,stage_1_param_2_NG,時系列データは異常です。途中で値が大きく上昇しています。,2024/12/01 11:28:00,18,1,2,serial_18_stage_1_param_2_NG.csv,serial_18_stage_1_param_2_NG.jpg
train,OK,stage_2_param_1_OK,時系列データは正常です。,2024/12/01 11:29:00,18,2,1,serial_18_stage_2_param_1_OK.csv,serial_18_stage_2_param_1_OK.jpg
train,NG,stage_2_param_1_NG,時系列データは異常です。途中から値が0になっています。,2024/12/01 11:30:00,18,2,1,serial_18_stage_2_param_1_NG.csv,serial_18_stage_2_param_1_NG.jpg
train,OK,stage_2_param_2_OK,時系列データは正常です。,2024/12/01 11:31:00,18,2,2,serial_18_stage_2_param_2_OK.csv,serial_18_stage_2_param_2_OK.jpg
train,NG,stage_2_param_2_NG,時系列データは異常です。途中で値が突然大きく上昇しています。,2024/12/01 11:32:00,18,2,2,serial_18_stage_2_param_2_NG.csv,serial_18_stage_2_param_2_NG.jpg
train,OK,stage_3_param_1_OK,時系列データは正常です。,2024/12/01 11:33:00,18,3,1,serial_18_stage_3_param_1_OK.csv,serial_18_stage_3_param_1_OK.jpg
train,NG,stage_3_param_1_NG,時系列データは異常です。途中で値が大きく変動しています。,2024/12/01 11:34:00,18,3,1,serial_18_stage_3_param_1_NG.csv,serial_18_stage_3_param_1_NG.jpg
train,OK,stage_3_param_2_OK,時系列データは正常です。,2024/12/01 11:35:00,18,3,2,serial_18_stage_3_param_2_OK.csv,serial_18_stage_3_param_2_OK.jpg
train,NG,stage_3_param_2_NG,時系列データは異常です。途中で値が大きく低下しています。,2024/12/01 11:36:00,18,3,2,serial_18_stage_3_param_2_NG.csv,serial_18_stage_3_param_2_NG.jpg
train,OK,stage_1_param_1_OK,時系列データは正常です。,2024/12/01 11:37:00,19,1,1,serial_19_stage_1_param_1_OK.csv,serial_19_stage_1_param_1_OK.jpg
train,NG,stage_1_param_1_NG,時系列データは異常です。途中で値が大きく低下しています。,2024/12/01 11:38:00,19,1,1,serial_19_stage_1_param_1_NG.csv,serial_19_stage_1_param_1_NG.jpg
train,OK,stage_1_param_2_OK,時系列データは正常です。,2024/12/01 11:39:00,19,1,2,serial_19_stage_1_param_2_OK.csv,serial_19_stage_1_param_2_OK.jpg
train,NG,stage_1_param_2_NG,時系列データは異常です。途中で値が大きく上昇しています。,2024/12/01 11:40:00,19,1,2,serial_19_stage_1_param_2_NG.csv,serial_19_stage_1_param_2_NG.jpg
train,OK,stage_2_param_1_OK,時系列データは正常です。,2024/12/01 11:41:00,19,2,1,serial_19_stage_2_param_1_OK.csv,serial_19_stage_2_param_1_OK.jpg
train,NG,stage_2_param_1_NG,時系列データは異常です。途中から値が0になっています。,2024/12/01 11:42:00,19,2,1,serial_19_stage_2_param_1_NG.csv,serial_19_stage_2_param_1_NG.jpg
train,OK,stage_2_param_2_OK,時系列データは正常です。,2024/12/01 11:43:00,19,2,2,serial_19_stage_2_param_2_OK.csv,serial_19_stage_2_param_2_OK.jpg
train,NG,stage_2_param_2_NG,時系列データは異常です。途中で値が突然大きく上昇しています。,2024/12/01 11:44:00,19,2,2,serial_19_stage_2_param_2_NG.csv,serial_19_stage_2_param_2_NG.jpg
train,OK,stage_3_param_1_OK,時系列データは正常です。,2024/12/01 11:45:00,19,3,1,serial_19_stage_3_param_1_OK.csv,serial_19_stage_3_param_1_OK.jpg
train,NG,stage_3_param_1_NG,時系列データは異常です。途中で値が大きく変動しています。,2024/12/01 11:46:00,19,3,1,serial_19_stage_3_param_1_NG.csv,serial_19_stage_3_param_1_NG.jpg
train,OK,stage_3_param_2_OK,時系列データは正常です。,2024/12/01 11:47:00,19,3,2,serial_19_stage_3_param_2_OK.csv,serial_19_stage_3_param_2_OK.jpg
train,NG,stage_3_param_2_NG,時系列データは異常です。途中で値が大きく低下しています。,2024/12/01 11:48:00,19,3,2,serial_19_stage_3_param_2_NG.csv,serial_19_stage_3_param_2_NG.jpg
train,OK,stage_1_param_1_OK,時系列データは正常です。,2024/12/01 11:49:00,20,1,1,serial_20_stage_1_param_1_OK.csv,serial_20_stage_1_param_1_OK.jpg
train,NG,stage_1_param_1_NG,時系列データは異常です。途中で値が大きく低下しています。,2024/12/01 11:50:00,20,1,1,serial_20_stage_1_param_1_NG.csv,serial_20_stage_1_param_1_NG.jpg
train,OK,stage_1_param_2_OK,時系列データは正常です。,2024/12/01 11:51:00,20,1,2,serial_20_stage_1_param_2_OK.csv,serial_20_stage_1_param_2_OK.jpg
train,NG,stage_1_param_2_NG,時系列データは異常です。途中で値が大きく上昇しています。,2024/12/01 11:52:00,20,1,2,serial_20_stage_1_param_2_NG.csv,serial_20_stage_1_param_2_NG.jpg
train,OK,stage_2_param_1_OK,時系列データは正常です。,2024/12/01 11:53:00,20,2,1,serial_20_stage_2_param_1_OK.csv,serial_20_stage_2_param_1_OK.jpg
train,NG,stage_2_param_1_NG,時系列データは異常です。途中から値が0になっています。,2024/12/01 11:54:00,20,2,1,serial_20_stage_2_param_1_NG.csv,serial_20_stage_2_param_1_NG.jpg
train,OK,stage_2_param_2_OK,時系列データは正常です。,2024/12/01 11:55:00,20,2,2,serial_20_stage_2_param_2_OK.csv,serial_20_stage_2_param_2_OK.jpg
train,NG,stage_2_param_2_NG,時系列データは異常です。途中で値が突然大きく上昇しています。,2024/12/01 11:56:00,20,2,2,serial_20_stage_2_param_2_NG.csv,serial_20_stage_2_param_2_NG.jpg
train,OK,stage_3_param_1_OK,時系列データは正常です。,2024/12/01 11:57:00,20,3,1,serial_20_stage_3_param_1_OK.csv,serial_20_stage_3_param_1_OK.jpg
train,NG,stage_3_param_1_NG,時系列データは異常です。途中で値が大きく変動しています。,2024/12/01 11:58:00,20,3,1,serial_20_stage_3_param_1_NG.csv,serial_20_stage_3_param_1_NG.jpg
train,OK,stage_3_param_2_OK,時系列データは正常です。,2024/12/01 11:59:00,20,3,2,serial_20_stage_3_param_2_OK.csv,serial_20_stage_3_param_2_OK.jpg
train,NG,stage_3_param_2_NG,時系列データは異常です。途中で値が大きく低下しています。,2024/12/01 12:00:00,20,3,2,serial_20_stage_3_param_2_NG.csv,serial_20_stage_3_param_2_NG.jpg
train,OK,stage_1_param_1_OK,時系列データは正常です。,2024/12/01 12:01:00,21,1,1,serial_21_stage_1_param_1_OK.csv,serial_21_stage_1_param_1_OK.jpg
train,NG,stage_1_param_1_NG,時系列データは異常です。途中で値が大きく低下しています。,2024/12/01 12:02:00,21,1,1,serial_21_stage_1_param_1_NG.csv,serial_21_stage_1_param_1_NG.jpg
train,OK,stage_1_param_2_OK,時系列データは正常です。,2024/12/01 12:03:00,21,1,2,serial_21_stage_1_param_2_OK.csv,serial_21_stage_1_param_2_OK.jpg
train,NG,stage_1_param_2_NG,時系列データは異常です。途中で値が大きく上昇しています。,2024/12/01 12:04:00,21,1,2,serial_21_stage_1_param_2_NG.csv,serial_21_stage_1_param_2_NG.jpg
train,OK,stage_2_param_1_OK,時系列データは正常です。,2024/12/01 12:05:00,21,2,1,serial_21_stage_2_param_1_OK.csv,serial_21_stage_2_param_1_OK.jpg
train,NG,stage_2_param_1_NG,時系列データは異常です。途中から値が0になっています。,2024/12/01 12:06:00,21,2,1,serial_21_stage_2_param_1_NG.csv,serial_21_stage_2_param_1_NG.jpg
train,OK,stage_2_param_2_OK,時系列データは正常です。,2024/12/01 12:07:00,21,2,2,serial_21_stage_2_param_2_OK.csv,serial_21_stage_2_param_2_OK.jpg
train,NG,stage_2_param_2_NG,時系列データは異常です。途中で値が突然大きく上昇しています。,2024/12/01 12:08:00,21,2,2,serial_21_stage_2_param_2_NG.csv,serial_21_stage_2_param_2_NG.jpg
train,OK,stage_3_param_1_OK,時系列データは正常です。,2024/12/01 12:09:00,21,3,1,serial_21_stage_3_param_1_OK.csv,serial_21_stage_3_param_1_OK.jpg
train,NG,stage_3_param_1_NG,時系列データは異常です。途中で値が大きく変動しています。,2024/12/01 12:10:00,21,3,1,serial_21_stage_3_param_1_NG.csv,serial_21_stage_3_param_1_NG.jpg
train,OK,stage_3_param_2_OK,時系列データは正常です。,2024/12/01 12:11:00,21,3,2,serial_21_stage_3_param_2_OK.csv,serial_21_stage_3_param_2_OK.jpg
train,NG,stage_3_param_2_NG,時系列データは異常です。途中で値が大きく低下しています。,2024/12/01 12:12:00,21,3,2,serial_21_stage_3_param_2_NG.csv,serial_21_stage_3_param_2_NG.jpg
train,OK,stage_1_param_1_OK,時系列データは正常です。,2024/12/01 12:13:00,22,1,1,serial_22_stage_1_param_1_OK.csv,serial_22_stage_1_param_1_OK.jpg
train,NG,stage_1_param_1_NG,時系列データは異常です。途中で値が大きく低下しています。,2024/12/01 12:14:00,22,1,1,serial_22_stage_1_param_1_NG.csv,serial_22_stage_1_param_1_NG.jpg
train,OK,stage_1_param_2_OK,時系列データは正常です。,2024/12/01 12:15:00,22,1,2,serial_22_stage_1_param_2_OK.csv,serial_22_stage_1_param_2_OK.jpg
train,NG,stage_1_param_2_NG,時系列データは異常です。途中で値が大きく上昇しています。,2024/12/01 12:16:00,22,1,2,serial_22_stage_1_param_2_NG.csv,serial_22_stage_1_param_2_NG.jpg
train,OK,stage_2_param_1_OK,時系列データは正常です。,2024/12/01 12:17:00,22,2,1,serial_22_stage_2_param_1_OK.csv,serial_22_stage_2_param_1_OK.jpg
train,NG,stage_2_param_1_NG,時系列データは異常です。途中から値が0になっています。,2024/12/01 12:18:00,22,2,1,serial_22_stage_2_param_1_NG.csv,serial_22_stage_2_param_1_NG.jpg
train,OK,stage_2_param_2_OK,時系列データは正常です。,2024/12/01 12:19:00,22,2,2,serial_22_stage_2_param_2_OK.csv,serial_22_stage_2_param_2_OK.jpg
train,NG,stage_2_param_2_NG,時系列データは異常です。途中で値が突然大きく上昇しています。,2024/12/01 12:20:00,22,2,2,serial_22_stage_2_param_2_NG.csv,serial_22_stage_2_param_2_NG.jpg
train,OK,stage_3_param_1_OK,時系列データは正常です。,2024/12/01 12:21:00,22,3,1,serial_22_stage_3_param_1_OK.csv,serial_22_stage_3_param_1_OK.jpg
train,NG,stage_3_param_1_NG,時系列データは異常です。途中で値が大きく変動しています。,2024/12/01 12:22:00,22,3,1,serial_22_stage_3_param_1_NG.csv,serial_22_stage_3_param_1_NG.jpg
train,OK,stage_3_param_2_OK,時系列データは正常です。,2024/12/01 12:23:00,22,3,2,serial_22_stage_3_param_2_OK.csv,serial_22_stage_3_param_2_OK.jpg
train,NG,stage_3_param_2_NG,時系列データは異常です。途中で値が大きく低下しています。,2024/12/01 12:24:00,22,3,2,serial_22_stage_3_param_2_NG.csv,serial_22_stage_3_param_2_NG.jpg
train,OK,stage_1_param_1_OK,時系列データは正常です。,2024/12/01 12:25:00,23,1,1,serial_23_stage_1_param_1_OK.csv,serial_23_stage_1_param_1_OK.jpg
train,NG,stage_1_param_1_NG,時系列データは異常です。途中で値が大きく低下しています。,2024/12/01 12:26:00,23,1,1,serial_23_stage_1_param_1_NG.csv,serial_23_stage_1_param_1_NG.jpg
train,OK,stage_1_param_2_OK,時系列データは正常です。,2024/12/01 12:27:00,23,1,2,serial_23_stage_1_param_2_OK.csv,serial_23_stage_1_param_2_OK.jpg
train,NG,stage_1_param_2_NG,時系列データは異常です。途中で値が大きく上昇しています。,2024/12/01 12:28:00,23,1,2,serial_23_stage_1_param_2_NG.csv,serial_23_stage_1_param_2_NG.jpg
train,OK,stage_2_param_1_OK,時系列データは正常です。,2024/12/01 12:29:00,23,2,1,serial_23_stage_2_param_1_OK.csv,serial_23_stage_2_param_1_OK.jpg
train,NG,stage_2_param_1_NG,時系列データは異常です。途中から値が0になっています。,2024/12/01 12:30:00,23,2,1,serial_23_stage_2_param_1_NG.csv,serial_23_stage_2_param_1_NG.jpg
train,OK,stage_2_param_2_OK,時系列データは正常です。,2024/12/01 12:31:00,23,2,2,serial_23_stage_2_param_2_OK.csv,serial_23_stage_2_param_2_OK.jpg
train,NG,stage_2_param_2_NG,時系列データは異常です。途中で値が突然大きく上昇しています。,2024/12/01 12:32:00,23,2,2,serial_23_stage_2_param_2_NG.csv,serial_23_stage_2_param_2_NG.jpg
train,OK,stage_3_param_1_OK,時系列データは正常です。,2024/12/01 12:33:00,23,3,1,serial_23_stage_3_param_1_OK.csv,serial_23_stage_3_param_1_OK.jpg
train,NG,stage_3_param_1_NG,時系列データは異常です。途中で値が大きく変動しています。,2024/12/01 12:34:00,23,3,1,serial_23_stage_3_param_1_NG.csv,serial_23_stage_3_param_1_NG.jpg
train,OK,stage_3_param_2_OK,時系列データは正常です。,2024/12/01 12:35:00,23,3,2,serial_23_stage_3_param_2_OK.csv,serial_23_stage_3_param_2_OK.jpg
train,NG,stage_3_param_2_NG,時系列データは異常です。途中で値が大きく低下しています。,2024/12/01 12:36:00,23,3,2,serial_23_stage_3_param_2_NG.csv,serial_23_stage_3_param_2_NG.jpg
train,OK,stage_1_param_1_OK,時系列データは正常です。,2024/12/01 12:37:00,24,1,1,serial_24_stage_1_param_1_OK.csv,serial_24_stage_1_param_1_OK.jpg
train,NG,stage_1_param_1_NG,時系列データは異常です。途中で値が大きく低下しています。,2024/12/01 12:38:00,24,1,1,serial_24_stage_1_param_1_NG.csv,serial_24_stage_1_param_1_NG.jpg
train,OK,stage_1_param_2_OK,時系列データは正常です。,2024/12/01 12:39:00,24,1,2,serial_24_stage_1_param_2_OK.csv,serial_24_stage_1_param_2_OK.jpg
train,NG,stage_1_param_2_NG,時系列データは異常です。途中で値が大きく上昇しています。,2024/12/01 12:40:00,24,1,2,serial_24_stage_1_param_2_NG.csv,serial_24_stage_1_param_2_NG.jpg
train,OK,stage_2_param_1_OK,時系列データは正常です。,2024/12/01 12:41:00,24,2,1,serial_24_stage_2_param_1_OK.csv,serial_24_stage_2_param_1_OK.jpg
train,NG,stage_2_param_1_NG,時系列データは異常です。途中から値が0になっています。,2024/12/01 12:42:00,24,2,1,serial_24_stage_2_param_1_NG.csv,serial_24_stage_2_param_1_NG.jpg
train,OK,stage_2_param_2_OK,時系列データは正常です。,2024/12/01 12:43:00,24,2,2,serial_24_stage_2_param_2_OK.csv,serial_24_stage_2_param_2_OK.jpg
train,NG,stage_2_param_2_NG,時系列データは異常です。途中で値が突然大きく上昇しています。,2024/12/01 12:44:00,24,2,2,serial_24_stage_2_param_2_NG.csv,serial_24_stage_2_param_2_NG.jpg
train,OK,stage_3_param_1_OK,時系列データは正常です。,2024/12/01 12:45:00,24,3,1,serial_24_stage_3_param_1_OK.csv,serial_24_stage_3_param_1_OK.jpg
train,NG,stage_3_param_1_NG,時系列データは異常です。途中で値が大きく変動しています。,2024/12/01 12:46:00,24,3,1,serial_24_stage_3_param_1_NG.csv,serial_24_stage_3_param_1_NG.jpg
train,OK,stage_3_param_2_OK,時系列データは正常です。,2024/12/01 12:47:00,24,3,2,serial_24_stage_3_param_2_OK.csv,serial_24_stage_3_param_2_OK.jpg
train,NG,stage_3_param_2_NG,時系列データは異常です。途中で値が大きく低下しています。,2024/12/01 12:48:00,24,3,2,serial_24_stage_3_param_2_NG.csv,serial_24_stage_3_param_2_NG.jpg
train,OK,stage_1_param_1_OK,時系列データは正常です。,2024/12/01 12:49:00,25,1,1,serial_25_stage_1_param_1_OK.csv,serial_25_stage_1_param_1_OK.jpg
train,NG,stage_1_param_1_NG,時系列データは異常です。途中で値が大きく低下しています。,2024/12/01 12:50:00,25,1,1,serial_25_stage_1_param_1_NG.csv,serial_25_stage_1_param_1_NG.jpg
train,OK,stage_1_param_2_OK,時系列データは正常です。,2024/12/01 12:51:00,25,1,2,serial_25_stage_1_param_2_OK.csv,serial_25_stage_1_param_2_OK.jpg
train,NG,stage_1_param_2_NG,時系列データは異常です。途中で値が大きく上昇しています。,2024/12/01 12:52:00,25,1,2,serial_25_stage_1_param_2_NG.csv,serial_25_stage_1_param_2_NG.jpg
train,OK,stage_2_param_1_OK,時系列データは正常です。,2024/12/01 12:53:00,25,2,1,serial_25_stage_2_param_1_OK.csv,serial_25_stage_2_param_1_OK.jpg
train,NG,stage_2_param_1_NG,時系列データは異常です。途中から値が0になっています。,2024/12/01 12:54:00,25,2,1,serial_25_stage_2_param_1_NG.csv,serial_25_stage_2_param_1_NG.jpg
train,OK,stage_2_param_2_OK,時系列データは正常です。,2024/12/01 12:55:00,25,2,2,serial_25_stage_2_param_2_OK.csv,serial_25_stage_2_param_2_OK.jpg
train,NG,stage_2_param_2_NG,時系列データは異常です。途中で値が突然大きく上昇しています。,2024/12/01 12:56:00,25,2,2,serial_25_stage_2_param_2_NG.csv,serial_25_stage_2_param_2_NG.jpg
train,OK,stage_3_param_1_OK,時系列データは正常です。,2024/12/01 12:57:00,25,3,1,serial_25_stage_3_param_1_OK.csv,serial_25_stage_3_param_1_OK.jpg
train,NG,stage_3_param_1_NG,時系列データは異常です。途中で値が大きく変動しています。,2024/12/01 12:58:00,25,3,1,serial_25_stage_3_param_1_NG.csv,serial_25_stage_3_param_1_NG.jpg
train,OK,stage_3_param_2_OK,時系列データは正常です。,2024/12/01 12:59:00,25,3,2,serial_25_stage_3_param_2_OK.csv,serial_25_stage_3_param_2_OK.jpg
train,NG,stage_3_param_2_NG,時系列データは異常です。途中で値が大きく低下しています。,2024/12/01 13:00:00,25,3,2,serial_25_stage_3_param_2_NG.csv,serial_25_stage_3_param_2_NG.jpg
train,OK,stage_1_param_1_OK,時系列データは正常です。,2024/12/01 13:01:00,26,1,1,serial_26_stage_1_param_1_OK.csv,serial_26_stage_1_param_1_OK.jpg
train,NG,stage_1_param_1_NG,時系列データは異常です。途中で値が大きく低下しています。,2024/12/01 13:02:00,26,1,1,serial_26_stage_1_param_1_NG.csv,serial_26_stage_1_param_1_NG.jpg
train,OK,stage_1_param_2_OK,時系列データは正常です。,2024/12/01 13:03:00,26,1,2,serial_26_stage_1_param_2_OK.csv,serial_26_stage_1_param_2_OK.jpg
train,NG,stage_1_param_2_NG,時系列データは異常です。途中で値が大きく上昇しています。,2024/12/01 13:04:00,26,1,2,serial_26_stage_1_param_2_NG.csv,serial_26_stage_1_param_2_NG.jpg
train,OK,stage_2_param_1_OK,時系列データは正常です。,2024/12/01 13:05:00,26,2,1,serial_26_stage_2_param_1_OK.csv,serial_26_stage_2_param_1_OK.jpg
train,NG,stage_2_param_1_NG,時系列データは異常です。途中から値が0になっています。,2024/12/01 13:06:00,26,2,1,serial_26_stage_2_param_1_NG.csv,serial_26_stage_2_param_1_NG.jpg
train,OK,stage_2_param_2_OK,時系列データは正常です。,2024/12/01 13:07:00,26,2,2,serial_26_stage_2_param_2_OK.csv,serial_26_stage_2_param_2_OK.jpg
train,NG,stage_2_param_2_NG,時系列データは異常です。途中で値が突然大きく上昇しています。,2024/12/01 13:08:00,26,2,2,serial_26_stage_2_param_2_NG.csv,serial_26_stage_2_param_2_NG.jpg
train,OK,stage_3_param_1_OK,時系列データは正常です。,2024/12/01 13:09:00,26,3,1,serial_26_stage_3_param_1_OK.csv,serial_26_stage_3_param_1_OK.jpg
train,NG,stage_3_param_1_NG,時系列データは異常です。途中で値が大きく変動しています。,2024/12/01 13:10:00,26,3,1,serial_26_stage_3_param_1_NG.csv,serial_26_stage_3_param_1_NG.jpg
train,OK,stage_3_param_2_OK,時系列データは正常です。,2024/12/01 13:11:00,26,3,2,serial_26_stage_3_param_2_OK.csv,serial_26_stage_3_param_2_OK.jpg
train,NG,stage_3_param_2_NG,時系列データは異常です。途中で値が大きく低下しています。,2024/12/01 13:12:00,26,3,2,serial_26_stage_3_param_2_NG.csv,serial_26_stage_3_param_2_NG.jpg
train,OK,stage_1_param_1_OK,時系列データは正常です。,2024/12/01 13:13:00,27,1,1,serial_27_stage_1_param_1_OK.csv,serial_27_stage_1_param_1_OK.jpg
train,NG,stage_1_param_1_NG,時系列データは異常です。途中で値が大きく低下しています。,2024/12/01 13:14:00,27,1,1,serial_27_stage_1_param_1_NG.csv,serial_27_stage_1_param_1_NG.jpg
train,OK,stage_1_param_2_OK,時系列データは正常です。,2024/12/01 13:15:00,27,1,2,serial_27_stage_1_param_2_OK.csv,serial_27_stage_1_param_2_OK.jpg
train,NG,stage_1_param_2_NG,時系列データは異常です。途中で値が大きく上昇しています。,2024/12/01 13:16:00,27,1,2,serial_27_stage_1_param_2_NG.csv,serial_27_stage_1_param_2_NG.jpg
train,OK,stage_2_param_1_OK,時系列データは正常です。,2024/12/01 13:17:00,27,2,1,serial_27_stage_2_param_1_OK.csv,serial_27_stage_2_param_1_OK.jpg
train,NG,stage_2_param_1_NG,時系列データは異常です。途中から値が0になっています。,2024/12/01 13:18:00,27,2,1,serial_27_stage_2_param_1_NG.csv,serial_27_stage_2_param_1_NG.jpg
train,OK,stage_2_param_2_OK,時系列データは正常です。,2024/12/01 13:19:00,27,2,2,serial_27_stage_2_param_2_OK.csv,serial_27_stage_2_param_2_OK.jpg
train,NG,stage_2_param_2_NG,時系列データは異常です。途中で値が突然大きく上昇しています。,2024/12/01 13:20:00,27,2,2,serial_27_stage_2_param_2_NG.csv,serial_27_stage_2_param_2_NG.jpg
train,OK,stage_3_param_1_OK,時系列データは正常です。,2024/12/01 13:21:00,27,3,1,serial_27_stage_3_param_1_OK.csv,serial_27_stage_3_param_1_OK.jpg
train,NG,stage_3_param_1_NG,時系列データは異常です。途中で値が大きく変動しています。,2024/12/01 13:22:00,27,3,1,serial_27_stage_3_param_1_NG.csv,serial_27_stage_3_param_1_NG.jpg
train,OK,stage_3_param_2_OK,時系列データは正常です。,2024/12/01 13:23:00,27,3,2,serial_27_stage_3_param_2_OK.csv,serial_27_stage_3_param_2_OK.jpg
train,NG,stage_3_param_2_NG,時系列データは異常です。途中で値が大きく低下しています。,2024/12/01 13:24:00,27,3,2,serial_27_stage_3_param_2_NG.csv,serial_27_stage_3_param_2_NG.jpg
train,OK,stage_1_param_1_OK,時系列データは正常です。,2024/12/01 13:25:00,28,1,1,serial_28_stage_1_param_1_OK.csv,serial_28_stage_1_param_1_OK.jpg
train,NG,stage_1_param_1_NG,時系列データは異常です。途中で値が大きく低下しています。,2024/12/01 13:26:00,28,1,1,serial_28_stage_1_param_1_NG.csv,serial_28_stage_1_param_1_NG.jpg
train,OK,stage_1_param_2_OK,時系列データは正常です。,2024/12/01 13:27:00,28,1,2,serial_28_stage_1_param_2_OK.csv,serial_28_stage_1_param_2_OK.jpg
train,NG,stage_1_param_2_NG,時系列データは異常です。途中で値が大きく上昇しています。,2024/12/01 13:28:00,28,1,2,serial_28_stage_1_param_2_NG.csv,serial_28_stage_1_param_2_NG.jpg
train,OK,stage_2_param_1_OK,時系列データは正常です。,2024/12/01 13:29:00,28,2,1,serial_28_stage_2_param_1_OK.csv,serial_28_stage_2_param_1_OK.jpg
train,NG,stage_2_param_1_NG,時系列データは異常です。途中から値が0になっています。,2024/12/01 13:30:00,28,2,1,serial_28_stage_2_param_1_NG.csv,serial_28_stage_2_param_1_NG.jpg
train,OK,stage_2_param_2_OK,時系列データは正常です。,2024/12/01 13:31:00,28,2,2,serial_28_stage_2_param_2_OK.csv,serial_28_stage_2_param_2_OK.jpg
train,NG,stage_2_param_2_NG,時系列データは異常です。途中で値が突然大きく上昇しています。,2024/12/01 13:32:00,28,2,2,serial_28_stage_2_param_2_NG.csv,serial_28_stage_2_param_2_NG.jpg
train,OK,stage_3_param_1_OK,時系列データは正常です。,2024/12/01 13:33:00,28,3,1,serial_28_stage_3_param_1_OK.csv,serial_28_stage_3_param_1_OK.jpg
train,NG,stage_3_param_1_NG,時系列データは異常です。途中で値が大きく変動しています。,2024/12/01 13:34:00,28,3,1,serial_28_stage_3_param_1_NG.csv,serial_28_stage_3_param_1_NG.jpg
train,OK,stage_3_param_2_OK,時系列データは正常です。,2024/12/01 13:35:00,28,3,2,serial_28_stage_3_param_2_OK.csv,serial_28_stage_3_param_2_OK.jpg
train,NG,stage_3_param_2_NG,時系列データは異常です。途中で値が大きく低下しています。,2024/12/01 13:36:00,28,3,2,serial_28_stage_3_param_2_NG.csv,serial_28_stage_3_param_2_NG.jpg
test,OK,stage_1_param_1_OK,時系列データは正常です。,2024/12/01 13:37:00,29,1,1,serial_29_stage_1_param_1_OK.csv,serial_29_stage_1_param_1_OK.jpg
test,NG,stage_1_param_1_NG,時系列データは異常です。途中で値が大きく低下しています。,2024/12/01 13:38:00,29,1,1,serial_29_stage_1_param_1_NG.csv,serial_29_stage_1_param_1_NG.jpg
test,OK,stage_1_param_2_OK,時系列データは正常です。,2024/12/01 13:39:00,29,1,2,serial_29_stage_1_param_2_OK.csv,serial_29_stage_1_param_2_OK.jpg
test,NG,stage_1_param_2_NG,時系列データは異常です。途中で値が大きく上昇しています。,2024/12/01 13:40:00,29,1,2,serial_29_stage_1_param_2_NG.csv,serial_29_stage_1_param_2_NG.jpg
test,OK,stage_2_param_1_OK,時系列データは正常です。,2024/12/01 13:41:00,29,2,1,serial_29_stage_2_param_1_OK.csv,serial_29_stage_2_param_1_OK.jpg
test,NG,stage_2_param_1_NG,時系列データは異常です。途中から値が0になっています。,2024/12/01 13:42:00,29,2,1,serial_29_stage_2_param_1_NG.csv,serial_29_stage_2_param_1_NG.jpg
test,OK,stage_2_param_2_OK,時系列データは正常です。,2024/12/01 13:43:00,29,2,2,serial_29_stage_2_param_2_OK.csv,serial_29_stage_2_param_2_OK.jpg
test,NG,stage_2_param_2_NG,時系列データは異常です。途中で値が突然大きく上昇しています。,2024/12/01 13:44:00,29,2,2,serial_29_stage_2_param_2_NG.csv,serial_29_stage_2_param_2_NG.jpg
test,OK,stage_3_param_1_OK,時系列データは正常です。,2024/12/01 13:45:00,29,3,1,serial_29_stage_3_param_1_OK.csv,serial_29_stage_3_param_1_OK.jpg
test,NG,stage_3_param_1_NG,時系列データは異常です。途中で値が大きく変動しています。,2024/12/01 13:46:00,29,3,1,serial_29_stage_3_param_1_NG.csv,serial_29_stage_3_param_1_NG.jpg
test,OK,stage_3_param_2_OK,時系列データは正常です。,2024/12/01 13:47:00,29,3,2,serial_29_stage_3_param_2_OK.csv,serial_29_stage_3_param_2_OK.jpg
test,NG,stage_3_param_2_NG,時系列データは異常です。途中で値が大きく低下しています。,2024/12/01 13:48:00,29,3,2,serial_29_stage_3_param_2_NG.csv,serial_29_stage_3_param_2_NG.jpg
test,OK,stage_1_param_1_OK,時系列データは正常です。,2024/12/01 13:49:00,30,1,1,serial_30_stage_1_param_1_OK.csv,serial_30_stage_1_param_1_OK.jpg
test,NG,stage_1_param_1_NG,時系列データは異常です。途中で値が大きく低下しています。,2024/12/01 13:50:00,30,1,1,serial_30_stage_1_param_1_NG.csv,serial_30_stage_1_param_1_NG.jpg
test,OK,stage_1_param_2_OK,時系列データは正常です。,2024/12/01 13:51:00,30,1,2,serial_30_stage_1_param_2_OK.csv,serial_30_stage_1_param_2_OK.jpg
test,NG,stage_1_param_2_NG,時系列データは異常です。途中で値が大きく上昇しています。,2024/12/01 13:52:00,30,1,2,serial_30_stage_1_param_2_NG.csv,serial_30_stage_1_param_2_NG.jpg
test,OK,stage_2_param_1_OK,時系列データは正常です。,2024/12/01 13:53:00,30,2,1,serial_30_stage_2_param_1_OK.csv,serial_30_stage_2_param_1_OK.jpg
test,NG,stage_2_param_1_NG,時系列データは異常です。途中から値が0になっています。,2024/12/01 13:54:00,30,2,1,serial_30_stage_2_param_1_NG.csv,serial_30_stage_2_param_1_NG.jpg
test,OK,stage_2_param_2_OK,時系列データは正常です。,2024/12/01 13:55:00,30,2,2,serial_30_stage_2_param_2_OK.csv,serial_30_stage_2_param_2_OK.jpg
test,NG,stage_2_param_2_NG,時系列データは異常です。途中で値が突然大きく上昇しています。,2024/12/01 13:56:00,30,2,2,serial_30_stage_2_param_2_NG.csv,serial_30_stage_2_param_2_NG.jpg
test,OK,stage_3_param_1_OK,時系列データは正常です。,2024/12/01 13:57:00,30,3,1,serial_30_stage_3_param_1_OK.csv,serial_30_stage_3_param_1_OK.jpg
test,NG,stage_3_param_1_NG,時系列データは異常です。途中で値が大きく変動しています。,2024/12/01 13:58:00,30,3,1,serial_30_stage_3_param_1_NG.csv,serial_30_stage_3_param_1_NG.jpg
test,OK,stage_3_param_2_OK,時系列データは正常です。,2024/12/01 13:59:00,30,3,2,serial_30_stage_3_param_2_OK.csv,serial_30_stage_3_param_2_OK.jpg
test,NG,stage_3_param_2_NG,時系列データは異常です。途中で値が大きく低下しています。,2024/12/01 14:00:00,30,3,2,serial_30_stage_3_param_2_NG.csv,serial_30_stage_3_param_2_NG.jpg
test,OK,stage_1_param_1_OK,時系列データは正常です。,2024/12/01 14:01:00,31,1,1,serial_31_stage_1_param_1_OK.csv,serial_31_stage_1_param_1_OK.jpg
test,NG,stage_1_param_1_NG,時系列データは異常です。途中で値が大きく低下しています。,2024/12/01 14:02:00,31,1,1,serial_31_stage_1_param_1_NG.csv,serial_31_stage_1_param_1_NG.jpg
test,OK,stage_1_param_2_OK,時系列データは正常です。,2024/12/01 14:03:00,31,1,2,serial_31_stage_1_param_2_OK.csv,serial_31_stage_1_param_2_OK.jpg
test,NG,stage_1_param_2_NG,時系列データは異常です。途中で値が大きく上昇しています。,2024/12/01 14:04:00,31,1,2,serial_31_stage_1_param_2_NG.csv,serial_31_stage_1_param_2_NG.jpg
test,OK,stage_2_param_1_OK,時系列データは正常です。,2024/12/01 14:05:00,31,2,1,serial_31_stage_2_param_1_OK.csv,serial_31_stage_2_param_1_OK.jpg
test,NG,stage_2_param_1_NG,時系列データは異常です。途中から値が0になっています。,2024/12/01 14:06:00,31,2,1,serial_31_stage_2_param_1_NG.csv,serial_31_stage_2_param_1_NG.jpg
test,OK,stage_2_param_2_OK,時系列データは正常です。,2024/12/01 14:07:00,31,2,2,serial_31_stage_2_param_2_OK.csv,serial_31_stage_2_param_2_OK.jpg
test,NG,stage_2_param_2_NG,時系列データは異常です。途中で値が突然大きく上昇しています。,2024/12/01 14:08:00,31,2,2,serial_31_stage_2_param_2_NG.csv,serial_31_stage_2_param_2_NG.jpg
test,OK,stage_3_param_1_OK,時系列データは正常です。,2024/12/01 14:09:00,31,3,1,serial_31_stage_3_param_1_OK.csv,serial_31_stage_3_param_1_OK.jpg
test,NG,stage_3_param_1_NG,時系列データは異常です。途中で値が大きく変動しています。,2024/12/01 14:10:00,31,3,1,serial_31_stage_3_param_1_NG.csv,serial_31_stage_3_param_1_NG.jpg
test,OK,stage_3_param_2_OK,時系列データは正常です。,2024/12/01 14:11:00,31,3,2,serial_31_stage_3_param_2_OK.csv,serial_31_stage_3_param_2_OK.jpg
test,NG,stage_3_param_2_NG,時系列データは異常です。途中で値が大きく低下しています。,2024/12/01 14:12:00,31,3,2,serial_31_stage_3_param_2_NG.csv,serial_31_stage_3_param_2_NG.jpg
test,OK,stage_1_param_1_OK,時系列データは正常です。,2024/12/01 14:13:00,32,1,1,serial_32_stage_1_param_1_OK.csv,serial_32_stage_1_param_1_OK.jpg
test,NG,stage_1_param_1_NG,時系列データは異常です。途中で値が大きく低下しています。,2024/12/01 14:14:00,32,1,1,serial_32_stage_1_param_1_NG.csv,serial_32_stage_1_param_1_NG.jpg
test,OK,stage_1_param_2_OK,時系列データは正常です。,2024/12/01 14:15:00,32,1,2,serial_32_stage_1_param_2_OK.csv,serial_32_stage_1_param_2_OK.jpg
test,NG,stage_1_param_2_NG,時系列データは異常です。途中で値が大きく上昇しています。,2024/12/01 14:16:00,32,1,2,serial_32_stage_1_param_2_NG.csv,serial_32_stage_1_param_2_NG.jpg
test,OK,stage_2_param_1_OK,時系列データは正常です。,2024/12/01 14:17:00,32,2,1,serial_32_stage_2_param_1_OK.csv,serial_32_stage_2_param_1_OK.jpg
test,NG,stage_2_param_1_NG,時系列データは異常です。途中から値が0になっています。,2024/12/01 14:18:00,32,2,1,serial_32_stage_2_param_1_NG.csv,serial_32_stage_2_param_1_NG.jpg
test,OK,stage_2_param_2_OK,時系列データは正常です。,2024/12/01 14:19:00,32,2,2,serial_32_stage_2_param_2_OK.csv,serial_32_stage_2_param_2_OK.jpg
test,NG,stage_2_param_2_NG,時系列データは異常です。途中で値が突然大きく上昇しています。,2024/12/01 14:20:00,32,2,2,serial_32_stage_2_param_2_NG.csv,serial_32_stage_2_param_2_NG.jpg
test,OK,stage_3_param_1_OK,時系列データは正常です。,2024/12/01 14:21:00,32,3,1,serial_32_stage_3_param_1_OK.csv,serial_32_stage_3_param_1_OK.jpg
test,NG,stage_3_param_1_NG,時系列データは異常です。途中で値が大きく変動しています。,2024/12/01 14:22:00,32,3,1,serial_32_stage_3_param_1_NG.csv,serial_32_stage_3_param_1_NG.jpg
test,OK,stage_3_param_2_OK,時系列データは正常です。,2024/12/01 14:23:00,32,3,2,serial_32_stage_3_param_2_OK.csv,serial_32_stage_3_param_2_OK.jpg
test,NG,stage_3_param_2_NG,時系列データは異常です。途中で値が大きく低下しています。,2024/12/01 14:24:00,32,3,2,serial_32_stage_3_param_2_NG.csv,serial_32_stage_3_param_2_NG.jpg
val,OK,stage_1_param_1_OK,時系列データは正常です。,2024/12/01 14:25:00,33,1,1,serial_33_stage_1_param_1_OK.csv,serial_33_stage_1_param_1_OK.jpg
val,NG,stage_1_param_1_NG,時系列データは異常です。途中で値が大きく低下しています。,2024/12/01 14:26:00,33,1,1,serial_33_stage_1_param_1_NG.csv,serial_33_stage_1_param_1_NG.jpg
val,OK,stage_1_param_2_OK,時系列データは正常です。,2024/12/01 14:27:00,33,1,2,serial_33_stage_1_param_2_OK.csv,serial_33_stage_1_param_2_OK.jpg
val,NG,stage_1_param_2_NG,時系列データは異常です。途中で値が大きく上昇しています。,2024/12/01 14:28:00,33,1,2,serial_33_stage_1_param_2_NG.csv,serial_33_stage_1_param_2_NG.jpg
val,OK,stage_2_param_1_OK,時系列データは正常です。,2024/12/01 14:29:00,33,2,1,serial_33_stage_2_param_1_OK.csv,serial_33_stage_2_param_1_OK.jpg
val,NG,stage_2_param_1_NG,時系列データは異常です。途中から値が0になっています。,2024/12/01 14:30:00,33,2,1,serial_33_stage_2_param_1_NG.csv,serial_33_stage_2_param_1_NG.jpg
val,OK,stage_2_param_2_OK,時系列データは正常です。,2024/12/01 14:31:00,33,2,2,serial_33_stage_2_param_2_OK.csv,serial_33_stage_2_param_2_OK.jpg
val,NG,stage_2_param_2_NG,時系列データは異常です。途中で値が突然大きく上昇しています。,2024/12/01 14:32:00,33,2,2,serial_33_stage_2_param_2_NG.csv,serial_33_stage_2_param_2_NG.jpg
val,OK,stage_3_param_1_OK,時系列データは正常です。,2024/12/01 14:33:00,33,3,1,serial_33_stage_3_param_1_OK.csv,serial_33_stage_3_param_1_OK.jpg
val,NG,stage_3_param_1_NG,時系列データは異常です。途中で値が大きく変動しています。,2024/12/01 14:34:00,33,3,1,serial_33_stage_3_param_1_NG.csv,serial_33_stage_3_param_1_NG.jpg
val,OK,stage_3_param_2_OK,時系列データは正常です。,2024/12/01 14:35:00,33,3,2,serial_33_stage_3_param_2_OK.csv,serial_33_stage_3_param_2_OK.jpg
val,NG,stage_3_param_2_NG,時系列データは異常です。途中で値が大きく低下しています。,2024/12/01 14:36:00,33,3,2,serial_33_stage_3_param_2_NG.csv,serial_33_stage_3_param_2_NG.jpg
val,OK,stage_1_param_1_OK,時系列データは正常です。,2024/12/01 14:37:00,34,1,1,serial_34_stage_1_param_1_OK.csv,serial_34_stage_1_param_1_OK.jpg
val,NG,stage_1_param_1_NG,時系列データは異常です。途中で値が大きく低下しています。,2024/12/01 14:38:00,34,1,1,serial_34_stage_1_param_1_NG.csv,serial_34_stage_1_param_1_NG.jpg
val,OK,stage_1_param_2_OK,時系列データは正常です。,2024/12/01 14:39:00,34,1,2,serial_34_stage_1_param_2_OK.csv,serial_34_stage_1_param_2_OK.jpg
val,NG,stage_1_param_2_NG,時系列データは異常です。途中で値が大きく上昇しています。,2024/12/01 14:40:00,34,1,2,serial_34_stage_1_param_2_NG.csv,serial_34_stage_1_param_2_NG.jpg
val,OK,stage_2_param_1_OK,時系列データは正常です。,2024/12/01 14:41:00,34,2,1,serial_34_stage_2_param_1_OK.csv,serial_34_stage_2_param_1_OK.jpg
val,NG,stage_2_param_1_NG,時系列データは異常です。途中から値が0になっています。,2024/12/01 14:42:00,34,2,1,serial_34_stage_2_param_1_NG.csv,serial_34_stage_2_param_1_NG.jpg
val,OK,stage_2_param_2_OK,時系列データは正常です。,2024/12/01 14:43:00,34,2,2,serial_34_stage_2_param_2_OK.csv,serial_34_stage_2_param_2_OK.jpg
val,NG,stage_2_param_2_NG,時系列データは異常です。途中で値が突然大きく上昇しています。,2024/12/01 14:44:00,34,2,2,serial_34_stage_2_param_2_NG.csv,serial_34_stage_2_param_2_NG.jpg
val,OK,stage_3_param_1_OK,時系列データは正常です。,2024/12/01 14:45:00,34,3,1,serial_34_stage_3_param_1_OK.csv,serial_34_stage_3_param_1_OK.jpg
val,NG,stage_3_param_1_NG,時系列データは異常です。途中で値が大きく変動しています。,2024/12/01 14:46:00,34,3,1,serial_34_stage_3_param_1_NG.csv,serial_34_stage_3_param_1_NG.jpg
val,OK,stage_3_param_2_OK,時系列データは正常です。,2024/12/01 14:47:00,34,3,2,serial_34_stage_3_param_2_OK.csv,serial_34_stage_3_param_2_OK.jpg
val,NG,stage_3_param_2_NG,時系列データは異常です。途中で値が大きく低下しています。,2024/12/01 14:48:00,34,3,2,serial_34_stage_3_param_2_NG.csv,serial_34_stage_3_param_2_NG.jpg
val,OK,stage_1_param_1_OK,時系列データは正常です。,2024/12/01 14:49:00,35,1,1,serial_35_stage_1_param_1_OK.csv,serial_35_stage_1_param_1_OK.jpg
val,NG,stage_1_param_1_NG,時系列データは異常です。途中で値が大きく低下しています。,2024/12/01 14:50:00,35,1,1,serial_35_stage_1_param_1_NG.csv,serial_35_stage_1_param_1_NG.jpg
val,OK,stage_1_param_2_OK,時系列データは正常です。,2024/12/01 14:51:00,35,1,2,serial_35_stage_1_param_2_OK.csv,serial_35_stage_1_param_2_OK.jpg
val,NG,stage_1_param_2_NG,時系列データは異常です。途中で値が大きく上昇しています。,2024/12/01 14:52:00,35,1,2,serial_35_stage_1_param_2_NG.csv,serial_35_stage_1_param_2_NG.jpg
val,OK,stage_2_param_1_OK,時系列データは正常です。,2024/12/01 14:53:00,35,2,1,serial_35_stage_2_param_1_OK.csv,serial_35_stage_2_param_1_OK.jpg
val,NG,stage_2_param_1_NG,時系列データは異常です。途中から値が0になっています。,2024/12/01 14:54:00,35,2,1,serial_35_stage_2_param_1_NG.csv,serial_35_stage_2_param_1_NG.jpg
val,OK,stage_2_param_2_OK,時系列データは正常です。,2024/12/01 14:55:00,35,2,2,serial_35_stage_2_param_2_OK.csv,serial_35_stage_2_param_2_OK.jpg
val,NG,stage_2_param_2_NG,時系列データは異常です。途中で値が突然大きく上昇しています。,2024/12/01 14:56:00,35,2,2,serial_35_stage_2_param_2_NG.csv,serial_35_stage_2_param_2_NG.jpg
val,OK,stage_3_param_1_OK,時系列データは正常です。,2024/12/01 14:57:00,35,3,1,serial_35_stage_3_param_1_OK.csv,serial_35_stage_3_param_1_OK.jpg
val,NG,stage_3_param_1_NG,時系列データは異常です。途中で値が大きく変動しています。,2024/12/01 14:58:00,35,3,1,serial_35_stage_3_param_1_NG.csv,serial_35_stage_3_param_1_NG.jpg
val,OK,stage_3_param_2_OK,時系列データは正常です。,2024/12/01 14:59:00,35,3,2,serial_35_stage_3_param_2_OK.csv,serial_35_stage_3_param_2_OK.jpg
val,NG,stage_3_param_2_NG,時系列データは異常です。途中で値が大きく低下しています。,2024/12/01 15:00:00,35,3,2,serial_35_stage_3_param_2_NG.csv,serial_35_stage_3_param_2_NG.jpg
